{
    "preprocessing_summary": {
        "duplicates_removed": 367,
        "outliers_handled": {
            "PM2.5": 4589,
            "PM10": 4537,
            "NO2": 2857,
            "SO2": 1891,
            "CO": 4238,
            "O3": 277
        },
        "missing_before_imputation": {
            "PM2.5": 8292,
            "PM10": 8240,
            "NO2": 6578,
            "SO2": 5612,
            "CO": 7929,
            "O3": 3998
        },
        "missing_after_imputation": {
            "PM2.5": 0,
            "PM10": 0,
            "NO2": 0,
            "SO2": 0,
            "CO": 0,
            "O3": 0
        },
        "preprocessed_rows": 74315,
        "raw_rows": 74682,
        "train_shape": [
            59448,
            6
        ],
        "test_shape": [
            14867,
            6
        ]
    },
    "metrics": {
        "Linear Regression": {
            "MAE": 8.006365381482254,
            "MSE": 123.6747498420928,
            "RMSE": 11.12091497324266,
            "R2": 0.9549832175906234
        },
        "Polynomial Regression": {
            "MAE": 3.443156659082011,
            "MSE": 22.240654253500264,
            "RMSE": 4.715999814832509,
            "R2": 0.9919045504886783
        },
        "Ridge Regression": {
            "MAE": 8.006164819893838,
            "MSE": 123.67336086501493,
            "RMSE": 11.120852524200423,
            "R2": 0.954983723168997
        },
        "Lasso Regression": {
            "MAE": 7.990640187178444,
            "MSE": 123.30946140073172,
            "RMSE": 11.104479339470704,
            "R2": 0.9551161801420125
        },
        "Support Vector Regression": {
            "MAE": 21.77692431199584,
            "MSE": 2567.6884667849117,
            "RMSE": 50.67236393523507,
            "R2": 0.06537855825942096
        },
        "Decision Tree Regression": {
            "MAE": 0.11581317139774393,
            "MSE": 0.42891556707251505,
            "RMSE": 0.6549164580864608,
            "R2": 0.9998438776000796
        },
        "Random Forest Regression": {
            "MAE": 0.023807271477618148,
            "MSE": 0.2771564512878846,
            "RMSE": 0.5264565046496098,
            "R2": 0.9998991169040009
        },
        "Artificial Neural Network": {
            "MAE": 8.964685440063477,
            "MSE": 127.39970397949219,
            "RMSE": 11.287147734458523,
            "R2": 0.953627347946167
        },
        "LSTM Network": {
            "MAE": 32.69623565673828,
            "MSE": 2710.091064453125,
            "RMSE": 52.05853498181758,
            "R2": 0.013545036315917969
        }
    }
}