{
    "preprocessing_summary": {
        "duplicates_removed": 367,
        "outliers_handled": {
            "PM2.5": 4493,
            "PM10": 4473,
            "NO2": 2835,
            "SO2": 1745,
            "CO": 4103,
            "O3": 310
        },
        "missing_before_imputation": {
            "PM2.5": 8196,
            "PM10": 8176,
            "NO2": 6556,
            "SO2": 5466,
            "CO": 7794,
            "O3": 4031
        },
        "missing_after_imputation": {
            "PM2.5": 0,
            "PM10": 0,
            "NO2": 0,
            "SO2": 0,
            "CO": 0,
            "O3": 0
        },
        "preprocessed_rows": 74315,
        "raw_rows": 74682,
        "train_shape": [
            59448,
            6
        ],
        "test_shape": [
            14867,
            6
        ]
    },
    "metrics": {
        "Linear Regression": {
            "MAE": 8.129167326062795,
            "MSE": 126.32269406873077,
            "RMSE": 11.23933690520623,
            "R2": 0.9555436914850975
        },
        "Polynomial Regression": {
            "MAE": 3.3794425528946546,
            "MSE": 20.151451806840388,
            "RMSE": 4.4890368462333194,
            "R2": 0.9929081693107285
        },
        "Ridge Regression": {
            "MAE": 8.128926995731906,
            "MSE": 126.32057411755065,
            "RMSE": 11.239242595368722,
            "R2": 0.9555444375521792
        },
        "Lasso Regression": {
            "MAE": 8.112846866164087,
            "MSE": 125.96500489918999,
            "RMSE": 11.22341324638766,
            "R2": 0.9556695717965553
        },
        "Support Vector Regression": {
            "MAE": 22.07241463051044,
            "MSE": 2638.836429203038,
            "RMSE": 51.369606083783026,
            "R2": 0.07132342860590823
        },
        "Decision Tree Regression": {
            "MAE": 0.11463702694332309,
            "MSE": 0.15505854740396013,
            "RMSE": 0.39377474195783574,
            "R2": 0.999945430782077
        },
        "Random Forest Regression": {
            "MAE": 0.017230058429797353,
            "MSE": 0.07365594257508198,
            "RMSE": 0.2713962832742593,
            "R2": 0.9999740785190562
        },
        "Artificial Neural Network": {
            "MAE": 10.776336669921875,
            "MSE": 178.542236328125,
            "RMSE": 13.361969777249348,
            "R2": 0.9371662139892578
        },
        "LSTM Network": {
            "MAE": 37.03984832763672,
            "MSE": 3036.013427734375,
            "RMSE": 55.10003110465887,
            "R2": -0.06845390796661377
        }
    }
}